Institution,ImageCount,LinkCount,FormCount,StylesheetCount,ScriptCount,CertificateInfo,HostInfo,Title,Description
Anoka-Ramsey Community College,17,171,1,4,6,,,,Anoka-Ramsey Community College is a multi-campus institution and a member of the Minnesota State Colleges and Universities system.
Bemidji State University,12,73,2,4,6,,,,Bemidji State University offers an immersive education that goes beyond the classroom. Build your career with our 70+ undergrad programs and 8 grad degrees.
Briar Cliff University,1,300,1,4,0,,,Briar Cliff University,"The lifelong learning place, preparing ethical world changers."
Central College,6,255,2,9,6,,,,"Central College in Pella, Iowa - Founded in 1853"
Central Michigan University,22,160,1,6,15,,,,"CMU is a public research university in Michigan that offers degree programs in Mount Pleasant, online and locations across North America. Est. 1892."
College of DuPage,28,169,2,5,17,,,,
Cornell College,0,0,0,0,0,,,,
DePaul University,5,162,1,12,26,,,,
Des Moines Area Community College,12,117,1,20,16,,,,
Dordt University,68,169,1,2,3,,,,"Dordt University is a Christian college located in Sioux Center, Iowa, offering 40+ degrees and ranked #1 for student engagement by the WSJ."
Eastern Illinois University,26,143,1,4,4,,,,
Elgin Community College,14,112,0,4,13,,,,"At Elgin Community College, we commit to student success and empower students to reach their full potential through our dedicated faculty and programs."
Ferris State University,10,160,1,10,15,,,,
Fox Valley Technical College,11,165,1,5,11,,,,
Gateway Technical College,22,52,1,6,4,,,,"Gateway Technical College, located in Kenosha, Racine, and Walworth counties, provides education, training, leadership, and technological resources to meet the changing needs of students, employers, and communities."
Graceland University,295,280,3,0,11,,,,"With over 35 areas of study, you'll be sure to find a direction that’s right for your future in one of our in-person or online programs."
Grand Valley State University,11,72,1,1,0,,,,"At Grand Valley State University, we empower learners in their pursuits, professions, and purpose. The university enriches society through excellent teaching, active scholarship, advancement of equity, and public service."
Grand View University,0,533,1,2,1,,,Discover the Viking Experience | Grand View University,"As a small private university in Des Moines, Iowa, we empower students with more than 40 programs of study and our affordable, hands-on learning."
Gustavus Adolphus College,23,69,1,9,1,,,Gustavus Adolphus College,"Gustavus Adolphus College is a church-related, residential liberal arts college firmly rooted in its Swedish and Lutheran heritage."
Hamline University,8,206,1,5,4,,,,"As Minnesota's first university, Hamline, a private liberal arts university in the Twin Cities, prepares undergraduate and graduate students for successful careers."
Hennepin Technical College,15,295,1,13,35,,,,"Unlock your future with affordable tuition and high-wage, high-demand career training. Enroll today!
"
Illinois Institute of Technology,25,124,1,4,4,,,,"Ranked among the best in the U.S., Illinois Tech empowers students with hands-on learning, diverse programs, and a high career-placement rate. Elevate your"
Illinois State University,17,141,1,3,5,,,,"Founded in 1857,  Illinois State University is a top ranked public university in the town of Normal. Explore ISU's 200+ programs and the Redbird community."
Iowa Central Community College,31,158,1,4,8,,,,"Iowa Central Community College is located in Fort Dodge, IA. With over 100 programs to choose from we're an affordable alternative to a 4 year university at a fraction of the cost."
Iowa State University,26,124,2,7,6,,,,
Kalamazoo College,7,166,1,20,23,,,,
Kellogg Community College,21,138,8,10,24,,,,
Lake Superior State University,144,591,5,13,1,,,,"We equip our graduates with the knowledge, practical skills, and inner strength to craft a life of meaningful employment, personal fulfillment, and generosity of self within an inclusive atmosphere, all while enhancing the quality of life of the Great Lakes region and the world."
Lakeshore Technical College,22,113,0,4,25,,,,Welcome to Lakeshore College. We now offer Associates of Science and Associates of Art degrees. Save money and get your General Education credits before attending a 4-year college.
Loras College,7,117,1,47,21,,,,"Loras, a Catholic liberal arts college in Iowa, has a community of active learners, reflective thinkers, ethical decision-makers, and responsible contributors."
Loyola University Chicago,10,197,2,10,10,,,,We are Chicago's Jesuit Catholic University. We are guided by a simple promise: to prepare people to lead extraordinary lives.
Madison College,20,181,2,2,12,,,,"Madison College provides top, hands-on training in 190+ degree and certificate programs at 7 local campuses with online, accelerated and part-time options. Consider dozens of direct college transfer options. Or simply take a class for fun!"
McHenry County College,20,138,1,9,27,,,,"MCC serves the community with traditional credit courses, community enrichment programs, workforce training, and professional education"
Michigan State University,31,245,2,2,16,,,,Spartan excellence and our will to make a difference are making a better tomorrow for all. 
Michigan Technological University,22,231,3,4,4,,,,Michigan Technological University is a flagship public research university founded in 1885. Our campus in Michigan's Upper Peninsula overlooks the Keweenaw Waterway and is just a few miles from Lake Superior. Learn more about our degree programs.
Mid-State Technical College,145,582,2,3,5,,,,
Minnesota State University-Mankato,20,142,2,6,9,,,,"Your big ideas can become reality at Minnesota State Mankato, where you will find comprehensive support services, a wide variety of majors to explore and opportunities to excel in and out of the classroom."
Minnesota State University-Moorhead,5,223,1,5,13,,,,"You'll receive an exceptional education at an unrivaled value from Minnesota State University Moorhead, a public university in northwest Minnesota. When you're among Dragons, you'll find the courage and drive to achieve your highest potential."
Moraine Park Technical College,39,119,2,18,18,,,,"Whether you’re looking to fulfill childhood career dreams or you’re just starting to explore, Moraine Park provides you with the skills to succeed."
Mount Mercy University,10,112,2,7,12,,,,"Our vibrant Catholic, Mercy university focuses on preparing our students to meet the needs of a changing world and live courageous lives. A welcoming, supportive environment empowers every student to realize their full potential."
Normandale Community College,78,146,1,13,14,,,,
North Hennepin Community College,13,109,0,2,10,,,,"Since 1966, North Hennepin Community College in Minnesota has been dedicated to creating acedemic opportunities for students, because education changes lives."
Northcentral Technical College,10,72,2,4,7,,,,"190+ accredited associate degree, technical diploma, or certificate options available. NTC has six campuses and offers online college programs and courses."
Northeast Wisconsin Technical College,13,145,3,7,6,,,,"Northeast Wisconsin Technical College is a nationally-ranked, 2-year public college where students prepare for high-tech careers and begin bachelor’s degrees."
Northeastern Illinois University,71,252,0,6,4,,,,Northeastern Illinois University offers undergraduate and graduate programs at various locations in the Chicago area. Find out more now.
Northern Illinois University,13,179,3,7,10,,,,"An education at NIU is more than just an academic degree. NIU opens the doors to career success, critical thinking, and lifelong learning. Find out how to apply today. "
Northern Michigan University,14,114,1,24,20,,,,
Northwestern University,16,188,2,2,5,,,,"Northwestern is one of the countryâs leading private research and teaching universities, located in Evanston, IL. Our highly collaborative environment provides our diverse students and faculty with exceptional opportunities for personal and professional growth."
Oakland University,14,194,1,13,19,,,,
Oakton Community College,25,142,1,4,15,,,,"Discover classes at Oakton College, a leading community college in Illinois. Find college courses near you and access online degrees and certificates."
Rock Valley College,27,293,2,9,8,,,,
Saginaw Valley State University,16,231,0,5,10,,,,Saginaw Valley State University - One of Michigan's Most Affordable Universities
Saint Cloud State University,19,52,1,1,8,,,,"St. Cloud State is a leading comprehensive public university in the Upper Midwest of the United States, delivering active and applied learning via direct access to professors, local businesses and industry leaders. More than 16,400 students and more than 109,000 alumni call themselves Huskies. Alumni and friends worldwide follow NCAA Division I and Division II Husky Athletics. Founded in 1869, St. Cloud State is located on the banks of the Mississippi River in St. Cloud, Minnesota."
Simpson College,20,110,1,5,6,,,,
Southern Illinois University-Edwardsville,34,171,0,4,2,,,,"SIUE is a nationally recognized university that provides students with a high-quality, affordable education that prepares them for successful careers and lives of purpose to shape a changing world. Built on the foundation of a broad-based, high-quality education, and enhanced by hands-on research and real-world experiences, the academic preparation SIUE students receive equips them to thrive in the global marketplace and make our communities better places to live."
Southwest Minnesota State University,23,173,2,14,9,,,,Southwest Minnesota State University is a four-year public university offering a high quality education in the liberal arts and professions to prepare you for a life that is successful both personally and professionally.
University of Chicago,3,37,0,17,4,,,,"One of the world’s leading research universities, the University of Chicago inspires scholars to pursue field-defining research, while providing a transformative education for students."
University of Detroit Mercy,12,84,1,6,15,,,,Earn your degree at a school that offers true value and hands-on learning opportunities. Prepare to excel in a rewarding career. Apply today!
University of Illinois Urbana-Champaign,12,176,1,3,15,,,,"Information for students, alumni, and parents from Illinois flagship public university, a world leader in research, teaching, and public engagement."
University of Illinois-Springfield,38,405,1,12,7,,,,"Welcome to the University of Illinois Springfield (UIS), a top-tier public university offering innovative academic programs, vibrant campus life, and a supportive community. Explore our comprehensive undergraduate and graduate degrees, cutting-edge research opportunities, and diverse extracurricular activities designed to foster personal and professional growth. Join us at UIS and discover a world of possibilities."
University of Iowa,11,84,1,27,10,,,,"Join a global community of renowned artists, pioneering scientists, and faculty dedicated to student success at the University of Iowa."
University of Michigan-Ann Arbor,38,81,1,7,9,,,,"A top-ranked public university, the University of Michigan has a tradition of excellence in research, learning and teaching, sports and the arts, and more."
University of Michigan-Dearborn,13,99,3,28,32,,,,
University of Michigan-Flint,21,99,2,26,96,,,,
University of Minnesota-Crookston,13,358,1,4,8,,,,
University of Minnesota-Duluth,17,66,1,3,4,,,,"The University of Minnesota Duluth Homepage: an overview of academic programs, campus life, resources, news and events, with extensive links to other web sites located throughout the University."
University of Minnesota-Morris,10,226,0,5,8,,,,"We’re a student-centered public university that is proud to feature a liberal arts education. As part of the University of Minnesota System, we have worldwide name recognition, access to state-of-the-art research facilities, and nationally ranked study abroad programs."
University of Minnesota-Rochester,9,114,0,33,24,,,,
University of Minnesota-Twin Cities,12,90,2,6,32,,,,"The University of Minnesota, Twin Cities is among the nation’s top public research universities offering a wide range of undergraduate and graduate programs."
University of Northern Iowa,17,458,2,4,6,,,,"The University of Northern Iowa is a top public university in Cedar Falls, Iowa, offering undergraduate and graduate degrees in business, health, education, technology, science, and art."
University of Wisconsin-Eau Claire,25,102,1,6,10,,,,
University of Wisconsin-Green Bay,12,309,1,1,6,,,,
University of Wisconsin-La Crosse,37,199,1,7,8,,,,"Explore UW-La Crosse. UWL is Wisconsin’s top-ranked public university among peers, according to U.S. News & World Report’s Best Colleges list."
University of Wisconsin-Madison,12,85,2,4,5,,,,"The University of Wisconsin is a top-ranked research institution located in Madison, Wisconsin, providing exceptional education opportunities to undergraduates, graduate and professional students."
University of Wisconsin-Oshkosh,5,79,0,13,6,,,,
University of Wisconsin-Parkside,31,243,2,2,7,,,,
University of Wisconsin-Platteville,14,79,1,6,8,,,,The University of Wisconsin-Platteville is committed to being the top university in Wisconsin and beyond. Click here to learn more about us.
University of Wisconsin-River Falls,19,195,1,6,5,,,,
University of Wisconsin-Stevens Point,21,188,0,7,13,,,,UW-Stevens Point empowers students to discover their purpose at a price that is affordable. Take the next steps to apply today.
University of Wisconsin-Stout,14,224,5,3,9,,,,
Washtenaw Community College,21,87,2,11,21,,,,
Waukesha County Technical College,22,201,1,2,7,,,,
Wayne State University,30,98,1,2,1,,,,
Western Illinois University,20,129,1,13,8,,,,Western Illinois University students have the advantages of large universities - accomplished faculty; modern technologies and facilities; and broad academic and extracurricular opportunities. We give you the extras that larger public universities can't - personalized attention from our faculty and staff.
Western Iowa Tech Community College,5,130,1,12,15,,,,
Western Michigan University,14,82,2,5,7,,,,Western Michigan University is about more than book smarts. It’s about your potential and your pursuit of purpose.
Western Technical College,24,269,2,10,9,,,,"Western Technical College in La Crosse, WI offers the affordable path to a great career. Our programs provide the skills and experience needed in the workforce today through hands-on education with flexible learning options."
Winona State University,10,189,3,5,3,,,,
